Speed,Load1,Load2,Load3,Load4,Load5,Load6,Load7,Load8,Load9,Load10
-3000,455,452,454,457,463,468,474,474,471,464
-2950,444,445,448,452,456,462,460,456,454,451
-2900,443,443,446,450,455,458,448,442,440,441
-2850,439,436,441,448,448,441,435,433,431,428
-2800,429,430,437,441,441,438,433,428,427,422
-2750,421,424,431,439,434,426,422,419,419,420
-2700,412,418,428,430,427,414,409,414,415,406
-2650,404,412,419,420,417,411,410,407,403,402
-2600,395,402,404,411,411,403,402,402,397,391
-2550,388,387,391,399,401,405,397,394,394,386
-2500,379,379,381,382,384,398,396,395,384,385
-2450,364,371,373,375,368,379,383,392,387,385
-2400,365,360,364,363,366,367,365,371,377,385
-2350,359,356,350,355,355,354,356,358,363,360
-2300,351,356,346,349,351,346,346,349,344,350
-2250,360,358,350,347,346,341,342,341,338,337
-2200,339,341,349,353,351,340,338,339,335,330
-2150,328,329,322,322,331,340,347,347,338,332
-2100,317,317,320,320,314,315,318,322,328,332
-2050,320,316,316,309,308,310,308,307,306,309
-2000,319,323,322,313,305,304,307,303,302,306
-1950,301,299,298,298,302,306,312,314,312,308
-1900,289,288,287,280,283,284,288,287,290,290
-1850,292,286,279,285,284,282,280,279,279,279
-1800,273,277,278,284,286,289,292,290,286,282
-1750,266,265,261,263,264,265,264,265,267,270
-1700,274,274,269,265,260,259,260,260,258,258
-1650,248,250,254,252,252,259,258,263,269,269
-1600,245,243,247,243,239,242,240,239,243,241
-1550,240,243,247,252,252,255,246,245,242,235
-1500,229,222,228,225,228,227,229,228,227,229
-1450,236,241,239,238,228,231,223,225,224,224
-1400,212,208,212,215,212,215,211,218,214,215
-1350,225,219,224,215,210,210,207,209,203,208
-1300,200,199,195,202,199,195,202,199,197,205
-1250,207,210,209,204,201,203,199,193,193,193
-1200,183,183,183,180,179,181,184,182,182,185
-1150,181,182,183,187,192,193,197,197,190,186
-1100,170,169,169,169,169,171,165,165,165,164
-1050,162,162,162,162,160,162,162,165,167,170
-1000,172,167,167,163,157,157,156,153,153,153
-950,144,143,146,145,144,146,146,146,146,144
-900,141,140,142,140,140,143,142,144,149,152
-850,143,142,138,135,136,135,133,134,132,132
-800,121,123,126,124,126,126,124,124,127,126
-750,116,117,119,119,118,118,116,120,120,116
-700,123,122,125,127,127,124,127,122,121,118
-650,102,101,102,102,102,101,101,102,104,101
-600,94,99,94,95,94,94,94,94,92,94
-550,85,87,86,88,90,87,88,88,88,88
-500,81,82,82,83,84,85,89,91,92,93
-450,90,88,88,85,84,84,81,81,79,76
-400,66,63,65,65,66,66,62,67,66,65
-350,61,58,58,58,57,57,58,57,60,58
-300,51,51,48,51,51,51,51,49,52,51
-250,44,44,44,41,44,44,44,44,43,41
-200,36,37,39,39,37,37,36,35,37,37
-150,31,34,31,31,28,33,34,31,31,28
-100,27,25,25,25,26,25,25,22,22,26
-50,18,17,19,18,20,18,20,18,20,20
0,16,16,16,16,16,16,16,16,16,16
50,-6,-9,-15,-17,-19,-18,-19,-19,-17,-14
100,-23,-23,-25,-23,-20,-20,-23,-23,-23,-23
150,-29,-27,-27,-27,-29,-32,-27,-32,-30,-30
200,-34,-34,-38,-36,-36,-38,-34,-34,-36,-37
250,-42,-45,-43,-43,-45,-43,-43,-43,-45,-43
300,-47,-47,-50,-50,-49,-50,-50,-52,-52,-50
350,-54,-54,-57,-57,-56,-57,-57,-59,-60,-57
400,-64,-66,-65,-66,-66,-66,-64,-67,-68,-66
450,-72,-69,-72,-72,-73,-72,-72,-72,-73,-71
500,-82,-80,-80,-79,-80,-79,-78,-79,-80,-80
550,-88,-87,-88,-88,-88,-88,-86,-89,-87,-87
600,-92,-93,-93,-93,-93,-93,-93,-95,-93,-94
650,-103,-101,-99,-104,-103,-102,-104,-102,-104,-103
700,-109,-111,-109,-110,-108,-109,-109,-110,-110,-109
750,-117,-117,-117,-117,-118,-120,-118,-116,-116,-118
800,-122,-122,-124,-122,-124,-126,-123,-123,-123,-124
850,-131,-137,-135,-135,-133,-131,-131,-131,-127,-132
900,-139,-137,-139,-140,-140,-140,-143,-140,-140,-142
950,-145,-143,-145,-144,-144,-144,-146,-144,-144,-144
1000,-154,-154,-154,-154,-154,-154,-152,-153,-148,-153
1050,-164,-164,-165,-165,-161,-165,-161,-161,-161,-160
1100,-170,-165,-165,-167,-167,-170,-170,-171,-172,-170
1150,-176,-176,-173,-176,-177,-180,-175,-175,-177,-179
1200,-185,-183,-182,-183,-185,-181,-177,-181,-182,-183
1250,-191,-195,-190,-189,-194,-194,-189,-189,-194,-190
1300,-202,-201,-203,-203,-197,-198,-201,-195,-199,-204
1350,-205,-203,-207,-205,-207,-210,-204,-212,-206,-206
1400,-215,-213,-215,-213,-216,-213,-215,-213,-214,-212
1450,-222,-222,-225,-221,-221,-221,-222,-216,-225,-217
1500,-228,-232,-229,-227,-226,-228,-229,-227,-229,-223
1550,-237,-232,-236,-233,-237,-237,-235,-239,-237,-238
1600,-243,-241,-244,-241,-241,-243,-240,-243,-243,-244
1650,-249,-252,-253,-249,-251,-252,-251,-251,-255,-252
1700,-259,-259,-257,-258,-261,-259,-259,-258,-261,-258
1750,-265,-268,-270,-267,-260,-260,-264,-267,-264,-259
1800,-269,-274,-275,-275,-275,-272,-272,-273,-277,-277
1850,-279,-281,-281,-283,-282,-283,-280,-277,-279,-280
1900,-290,-291,-292,-286,-291,-285,-284,-283,-283,-281
1950,-292,-292,-295,-294,-296,-293,-296,-299,-297,-295
2000,-298,-302,-300,-301,-304,-303,-303,-304,-303,-305
2050,-309,-304,-308,-308,-311,-311,-310,-311,-316,-311
2100,-320,-321,-319,-317,-317,-317,-317,-319,-316,-310
2150,-320,-323,-323,-331,-325,-324,-324,-328,-328,-323
2200,-330,-334,-333,-331,-329,-334,-332,-333,-333,-331
2250,-334,-335,-337,-339,-337,-338,-340,-338,-339,-344
2300,-349,-347,-344,-345,-345,-345,-347,-346,-348,-348
2350,-353,-357,-358,-354,-355,-351,-358,-351,-351,-352
2400,-360,-364,-361,-365,-361,-365,-360,-366,-358,-361
2450,-368,-368,-371,-370,-371,-367,-372,-369,-371,-363
2500,-377,-376,-375,-374,-377,-374,-383,-375,-379,-379
2550,-382,-385,-382,-386,-385,-381,-385,-381,-387,-386
2600,-388,-389,-397,-388,-389,-391,-388,-389,-394,-390
2650,-394,-393,-398,-402,-397,-397,-399,-399,-396,-399
2700,-402,-403,-406,-408,-406,-402,-403,-408,-407,-403
2750,-408,-412,-417,-415,-413,-411,-412,-415,-414,-413
2800,-419,-417,-417,-418,-421,-422,-421,-422,-423,-419
2850,-423,-430,-430,-429,-427,-426,-427,-422,-428,-426
2900,-439,-436,-437,-436,-435,-437,-437,-440,-438,-437
2950,-441,-442,-444,-444,-444,-444,-447,-449,-446,-443
3000,-449,-447,-446,-446,-449,-450,-457,-452,-448,-447
3000,-446,-451,-449,-452,-453,-449,-447,-445,-445,-447
2950,-439,-439,-441,-441,-441,-439,-439,-437,-442,-444
2900,-433,-437,-433,-433,-432,-432,-425,-429,-431,-433
2850,-428,-425,-426,-428,-427,-426,-426,-426,-426,-425
2800,-427,-423,-416,-414,-413,-418,-424,-422,-418,-418
2750,-414,-406,-411,-410,-408,-408,-412,-413,-412,-412
2700,-402,-399,-402,-402,-401,-401,-406,-405,-402,-403
2650,-398,-395,-395,-396,-390,-392,-396,-401,-394,-395
2600,-389,-393,-389,-386,-386,-384,-385,-393,-390,-385
2550,-383,-384,-379,-381,-377,-380,-381,-375,-385,-380
2500,-376,-380,-375,-376,-369,-372,-370,-373,-374,-374
2450,-365,-369,-366,-373,-367,-365,-364,-369,-363,-364
2400,-359,-359,-360,-358,-362,-362,-358,-357,-359,-359
2350,-352,-352,-349,-354,-353,-352,-355,-351,-358,-351
2300,-344,-350,-346,-345,-344,-342,-347,-345,-342,-347
2250,-337,-335,-334,-338,-342,-338,-338,-340,-335,-337
2200,-329,-327,-328,-331,-326,-326,-330,-331,-329,-330
2150,-329,-324,-322,-321,-324,-327,-322,-318,-314,-321
2100,-316,-320,-318,-315,-314,-314,-318,-322,-322,-313
2050,-313,-311,-309,-307,-307,-305,-306,-311,-308,-310
2000,-294,-298,-293,-298,-294,-297,-297,-301,-301,-301
1950,-296,-297,-295,-300,-295,-297,-296,-293,-294,-296
1900,-287,-283,-279,-283,-283,-280,-284,-287,-285,-281
1850,-277,-278,-276,-277,-277,-278,-283,-279,-282,-282
1800,-274,-277,-274,-271,-265,-270,-269,-271,-268,-266
1750,-257,-261,-266,-267,-264,-258,-264,-264,-267,-267
1700,-254,-260,-254,-253,-256,-259,-257,-255,-257,-262
1650,-249,-252,-250,-245,-253,-251,-249,-243,-247,-247
1600,-242,-241,-245,-244,-241,-245,-239,-241,-241,-239
1550,-233,-235,-231,-234,-232,-233,-231,-231,-233,-231
1500,-228,-224,-225,-226,-228,-225,-229,-227,-229,-227
1450,-220,-219,-217,-218,-218,-218,-218,-219,-220,-221
1400,-213,-212,-214,-214,-212,-213,-212,-214,-213,-217
1350,-204,-202,-207,-201,-202,-205,-204,-206,-204,-203
1300,-199,-196,-195,-199,-197,-194,-197,-198,-196,-198
1250,-189,-189,-188,-183,-189,-190,-189,-188,-194,-191
1200,-182,-182,-182,-182,-182,-182,-182,-181,-180,-184
1150,-176,-174,-169,-172,-174,-175,-174,-174,-172,-173
1100,-166,-168,-171,-169,-169,-170,-165,-164,-167,-164
1050,-161,-161,-161,-161,-159,-160,-160,-162,-160,-161
1000,-152,-152,-153,-149,-151,-152,-150,-150,-151,-152
950,-144,-140,-144,-144,-148,-146,-146,-146,-149,-146
900,-138,-138,-138,-138,-138,-135,-133,-138,-137,-137
850,-127,-127,-130,-131,-131,-130,-130,-131,-129,-129
800,-124,-124,-123,-124,-123,-123,-124,-124,-126,-121
750,-115,-116,-116,-114,-114,-115,-117,-115,-116,-111
700,-107,-106,-107,-107,-107,-104,-110,-107,-107,-103
650,-96,-101,-101,-99,-102,-99,-101,-102,-104,-102
600,-95,-96,-93,-94,-91,-92,-96,-94,-94,-96
550,-85,-89,-86,-87,-86,-90,-89,-85,-87,-87
500,-79,-77,-78,-82,-78,-81,-80,-78,-78,-76
450,-72,-71,-72,-71,-74,-71,-71,-71,-71,-69
400,-67,-63,-64,-65,-62,-64,-65,-65,-68,-65
350,-61,-59,-56,-61,-59,-58,-58,-58,-60,-55
300,-53,-50,-50,-50,-53,-50,-50,-51,-50,-50
250,-43,-43,-44,-44,-46,-43,-46,-41,-43,-43
200,-40,-40,-37,-39,-37,-35,-35,-37,-37,-37
150,-29,-31,-31,-30,-33,-28,-33,-34,-31,-31
100,-25,-27,-27,-26,-24,-22,-22,-25,-27,-25
50,-18,-15,-18,-16,-21,-21,-21,-19,-18,-21
0,-14,-14,-14,-14,-14,-14,-14,-14,-14,-14
-50,8,12,14,17,17,24,18,20,18,19
-100,20,22,25,22,22,20,20,21,23,22
-150,29,29,32,27,29,29,27,30,30,30
-200,39,37,37,38,41,41,36,40,41,40
-250,47,53,52,56,54,55,57,57,58,61
-300,70,70,68,69,72,72,69,69,67,68
-350,64,65,63,62,61,59,61,59,57,58
-400,65,65,65,65,64,65,64,67,65,64
-450,73,73,72,73,72,70,73,72,74,72
-500,79,79,79,79,81,79,79,79,79,79
-550,88,89,86,90,89,90,89,90,90,92
-600,113,115,118,116,119,120,119,118,115,114
-650,105,103,101,103,102,100,104,103,101,102
-700,108,109,111,108,109,108,108,108,108,107
-750,114,117,117,115,116,119,120,119,117,122
-800,147,150,147,150,151,148,145,142,137,139
-850,132,132,133,133,132,132,131,131,131,131
-900,137,137,138,137,137,138,141,140,142,140
-950,153,157,161,167,165,165,167,166,163,160
-1000,154,155,155,154,153,152,153,155,152,152
-1050,163,164,164,161,162,162,160,161,163,163
-1100,190,189,186,183,180,179,176,174,170,168
-1150,172,175,175,178,178,177,176,173,175,178
-1200,187,185,190,198,198,202,200,200,202,200
-1250,192,194,189,191,193,189,189,193,193,189
-1300,202,201,203,200,200,210,211,212,218,221
-1350,209,208,208,207,207,207,203,208,200,203
-1400,215,213,216,213,217,219,224,230,229,235
-1450,224,221,226,220,222,218,220,220,222,218
-1500,227,232,231,239,237,248,246,250,241,244
-1550,235,235,237,232,235,233,236,235,233,235
-1600,249,260,260,262,262,254,251,255,249,246
-1650,248,253,247,249,245,250,253,251,254,256
-1700,275,269,264,260,262,262,260,258,259,260
-1750,265,268,270,270,271,276,286,287,285,276
-1800,272,269,271,272,277,274,275,271,273,275
-1850,298,297,295,290,288,286,284,283,281,277
-1900,289,289,294,291,299,301,303,307,304,297
-1950,293,291,294,291,293,292,293,297,293,299
-2000,312,307,308,306,305,306,306,308,305,301
-2050,312,319,326,329,329,326,323,316,310,312
-2100,318,317,317,319,319,329,332,339,340,332
-2150,325,324,326,324,323,324,327,328,329,331
-2200,339,339,335,333,335,332,327,332,331,333
-2250,355,363,352,350,348,340,342,341,340,340
-2300,350,354,359,363,372,364,358,355,350,353
-2350,353,354,359,357,365,372,376,375,365,362
-2400,360,363,361,365,363,364,370,376,385,377
-2450,364,370,367,369,368,371,368,375,376,389
-2500,378,380,375,377,374,375,377,379,380,381
-2550,393,388,385,383,383,385,379,380,388,384
-2600,400,401,397,392,395,388,387,390,391,392
-2650,409,409,407,402,395,400,400,395,398,401
-2700,422,419,417,409,402,406,409,408,402,404
-2750,436,428,417,416,414,412,420,412,411,413
-2800,435,425,426,426,426,421,419,418,419,419
-2850,439,436,430,431,424,425,427,429,427,429
-2900,443,442,438,434,433,435,432,433,438,440
-2950,453,447,445,442,442,439,443,446,446,452
-3000,453,451,450,448,449,454,453,454,464,474
Measurement complete.
