Speed,MeanLoad
-3000.0,884.5999999999999
-2950.0,870.9
-2900.0,854.75
-2850.0,840.15
-2800.0,826.1500000000001
-2750.0,809.85
-2700.0,794.55
-2650.0,779.5999999999999
-2600.0,764.45
-2550.0,750.9000000000001
-2500.0,733.8
-2450.0,721.4000000000001
-2400.0,705.9000000000001
-2350.0,692.3
-2300.0,678.1500000000001
-2250.0,662.65
-2200.0,648.8
-2150.0,634.95
-2100.0,621.6500000000001
-2050.0,606.75
-2000.0,590.3
-1950.0,576.5
-1900.0,562.75
-1850.0,547.15
-1800.0,530.95
-1750.0,517.9
-1700.0,500.65
-1650.0,487.85
-1600.0,474.25
-1550.0,457.7
-1500.0,444.04999999999995
-1450.0,428.5
-1400.0,414.6
-1350.0,399.25
-1300.0,385.55
-1250.0,371.3
-1200.0,357.95
-1150.0,342.4
-1100.0,327.9
-1050.0,312.15
-1000.0,298.9
-950.0,285.3
-900.0,269.65
-850.0,255.5
-800.0,242.3
-750.0,226.5
-700.0,213.65
-650.0,198.0
-600.0,184.05
-550.0,169.0
-500.0,155.64999999999998
-450.0,141.25
-400.0,126.15
-350.0,113.4
-300.0,98.95
-250.0,84.95
-200.0,70.35
-150.0,56.2
-100.0,42.25
-50.0,35.6
0.0,-19.8
50.0,-35.4
100.0,-46.900000000000006
150.0,-59.349999999999994
200.0,-73.80000000000001
250.0,-88.0
300.0,-101.69999999999999
350.0,-115.7
400.0,-129.05
450.0,-143.1
500.0,-156.75
550.0,-171.1
600.0,-186.5
650.0,-198.75
700.0,-213.5
750.0,-226.8
800.0,-243.75
850.0,-255.64999999999998
900.0,-269.9
950.0,-286.7
1000.0,-298.05
1050.0,-312.45
1100.0,-328.4
1150.0,-341.85
1200.0,-357.7
1250.0,-370.35
1300.0,-386.04999999999995
1350.0,-398.75
1400.0,-415.45000000000005
1450.0,-427.85
1500.0,-445.0
1550.0,-456.0
1600.0,-470.85
1650.0,-483.54999999999995
1700.0,-499.45
1750.0,-514.6
1800.0,-527.3
1850.0,-542.35
1900.0,-559.0
1950.0,-571.8
2000.0,-585.65
2050.0,-601.2
2100.0,-615.7
2150.0,-628.45
2200.0,-642.95
2250.0,-658.4
2300.0,-673.55
2350.0,-688.5999999999999
2400.0,-703.9
2450.0,-717.55
2500.0,-733.25
2550.0,-745.25
2600.0,-758.9000000000001
2650.0,-772.95
2700.0,-787.9000000000001
2750.0,-801.35
2800.0,-816.5
2850.0,-832.65
2900.0,-848.0
2950.0,-862.7
3000.0,-876.45
