TestNum,Time_ms,Speed
0,20,0
0,40,0
0,60,0
0,80,0
0,100,0
0,121,0
0,141,0
0,161,0
0,181,0
0,201,0
0,221,0
0,241,0
0,261,0
0,281,0
0,301,0
0,321,0
0,341,0
0,361,0
0,381,0
0,401,0
0,421,0
0,441,0
0,462,0
0,482,0
0,502,0
0,522,50
0,542,650
0,562,1200
0,582,1300
0,602,1500
0,622,1600
0,642,1850
0,662,1850
0,682,2050
0,702,2050
0,722,2200
0,742,2250
0,762,2400
0,782,2400
0,803,2450
0,823,2500
0,843,2550
0,863,2600
0,883,2650
0,903,2700
0,923,2700
0,943,2750
0,963,2750
0,983,2750
0,1003,2850
0,1023,2800
0,1043,2850
0,1063,2900
0,1083,2850
0,1103,2850
0,1123,2850
0,1143,2950
0,1163,2850
0,1183,2950
0,1203,2900
0,1223,2950
0,1243,2900
0,1263,2900
0,1283,3000
0,1303,2950
0,1323,2950
0,1343,2950
0,1363,3000
0,1383,3000
0,1403,2950
0,1423,2950
0,1443,3000
0,1463,3000
0,1483,3000
0,1503,2950
0,1523,2950
0,1543,3000
0,1563,3000
0,1583,3000
0,1603,3000
0,1623,2950
0,1643,3000
0,1663,3000
0,1683,2950
0,1703,3000
0,1723,3000
0,1743,3000
0,1763,3000
0,1783,3000
0,1803,3000
0,1823,3000
0,1843,2950
0,1863,3000
0,1883,3000
0,1903,3000
0,1923,3050
0,1943,3000
0,1963,3000
0,1983,3050
0,2003,3000
0,2023,3100
0,2043,3000
0,2063,3000
0,2083,3100
0,2103,3000
0,2123,3000
0,2143,3000
0,2163,3050
0,2183,3000
0,2203,3000
0,2223,3000
0,2243,3000
0,2263,3000
0,2283,3050
0,2303,2950
0,2323,3050
0,2343,2950
0,2363,3000
0,2383,3000
0,2403,3000
0,2423,2950
0,2443,3050
0,2463,2950
0,2483,3000
0,2503,3000
0,2523,2900
0,2543,3050
0,2563,2950
0,2583,3000
0,2603,3000
0,2623,2950
0,2643,3000
0,2663,3050
0,2683,2950
0,2703,3000
0,2723,3000
0,2743,3050
0,2763,3000
0,2783,2950
0,2803,3050
0,2823,3000
0,2843,3000
0,2863,3000
0,2883,2950
0,2903,3000
0,2923,2950
0,2943,2950
0,2963,3050
0,2983,2950
0,3003,3050
0,3023,3000
0,3043,2900
0,3063,3050
0,3083,3000
0,3103,3000
0,3123,3000
0,3143,3000
0,3163,2950
0,3183,3050
0,3203,3000
0,3223,3000
0,3243,2950
0,3263,3050
0,3283,3000
0,3303,3000
0,3323,3050
0,3343,3050
0,3363,3000
0,3383,3050
0,3403,3000
0,3423,3050
0,3443,3050
0,3463,3000
0,3483,3050
0,3503,3050
0,3523,3000
0,3543,3050
0,3563,2950
0,3583,3050
0,3603,3000
0,3623,3000
0,3643,3050
0,3663,2950
0,3683,3000
0,3703,2950
0,3723,3000
0,3743,3000
0,3763,3000
0,3783,2950
0,3803,3000
0,3823,2950
0,3843,3050
0,3863,2950
0,3883,3000
0,3903,2950
0,3923,3000
0,3943,3000
0,3963,2950
0,3983,3000
0,4003,3050
0,4023,3000
0,4043,3000
0,4063,3000
0,4083,2950
0,4103,3100
0,4123,2900
0,4143,3050
0,4163,3000
0,4183,3000
0,4203,3000
0,4223,2950
0,4243,3000
0,4263,3000
0,4283,2950
0,4303,3000
0,4323,3000
0,4343,2950
0,4363,3000
0,4383,3000
0,4403,3000
0,4423,3000
0,4443,3050
0,4463,2950
0,4483,3000
0,4503,3000
0,4523,3050
0,4543,2950
0,4563,3000
0,4583,3000
0,4603,2950
0,4623,3000
0,4643,3000
0,4663,3000
0,4683,3050
0,4703,3000
0,4723,3050
0,4743,3050
0,4763,3050
0,4783,3050
0,4803,3000
0,4823,3050
0,4843,3050
0,4863,3000
0,4883,3000
0,4903,3050
0,4923,3000
0,4943,3050
0,4963,2950
0,4983,3000
0,5003,3000
0,5023,2950
0,5043,3050
0,5063,2950
0,5083,3000
0,5103,3000
0,5123,3000
0,5143,3000
0,5163,2950
0,5183,3000
0,5203,3000
0,5223,3000
0,5243,3000
0,5263,2950
0,5283,2950
0,5303,3000
0,5323,3050
0,5343,2950
0,5363,3050
0,5383,2950
0,5403,3000
0,5423,2950
0,5443,3050
0,5463,3000
0,5483,2950
1,20,0
1,40,0
1,60,0
1,80,0
1,100,0
1,120,0
1,140,0
1,160,0
1,180,0
1,200,0
1,220,0
1,240,0
1,260,0
1,280,0
1,301,0
1,321,-50
1,341,50
1,361,0
1,381,0
1,401,0
1,421,0
1,441,0
1,461,0
1,481,0
1,501,0
1,521,150
1,541,850
1,561,1200
1,581,1400
1,601,1500
1,621,1650
1,642,1850
1,662,1850
1,682,2050
1,702,2150
1,722,2150
1,742,2350
1,762,2350
1,782,2400
1,802,2450
1,822,2550
1,842,2600
1,862,2600
1,882,2600
1,902,2700
1,922,2750
1,942,2700
1,962,2850
1,983,2750
1,1003,2850
1,1023,2850
1,1043,2850
1,1063,2950
1,1083,2850
1,1103,2950
1,1123,2950
1,1143,2950
1,1163,2950
1,1183,2950
1,1203,3000
1,1223,2950
1,1243,2950
1,1263,2950
1,1283,2950
1,1303,3000
1,1323,2950
1,1343,2950
1,1363,3000
1,1383,2950
1,1403,3000
1,1423,2950
1,1443,3050
1,1463,2900
1,1483,2950
1,1503,3000
1,1523,3000
1,1543,2950
1,1563,3000
1,1583,2950
1,1603,3000
1,1623,3000
1,1643,2950
1,1663,3050
1,1683,2900
1,1703,3000
1,1723,3000
1,1743,3000
1,1763,3000
1,1783,3000
1,1803,3050
1,1823,2950
1,1843,3000
1,1863,3050
1,1883,2950
1,1903,3000
1,1923,3050
1,1943,2950
1,1963,3000
1,1983,2950
1,2003,3000
1,2023,3000
1,2043,2950
1,2063,3000
1,2083,3000
1,2103,2950
1,2123,2950
1,2143,3050
1,2163,2950
1,2183,3000
1,2203,3000
1,2223,3000
1,2243,3000
1,2263,2950
1,2283,3000
1,2303,3000
1,2323,3050
1,2343,3000
1,2363,2950
1,2383,3050
1,2403,3050
1,2423,3000
1,2443,3050
1,2463,3000
1,2483,3100
1,2503,3000
1,2523,3050
1,2543,3050
1,2563,3050
1,2583,2950
1,2603,3100
1,2623,3000
1,2643,3000
1,2663,3000
1,2683,3000
1,2703,3050
1,2723,2950
1,2743,3050
1,2763,2950
1,2783,3000
1,2803,3000
1,2823,3000
1,2843,3000
1,2863,3000
1,2883,2950
1,2903,3050
1,2923,2950
1,2943,2950
1,2963,3000
1,2983,2950
1,3003,3000
1,3023,2950
1,3043,3000
1,3063,3000
1,3083,2950
1,3103,3050
1,3123,2950
1,3143,3000
1,3163,3100
1,3183,2900
1,3203,3050
1,3223,3000
1,3243,3000
1,3263,3050
1,3283,2950
1,3303,3000
1,3323,3050
1,3343,2950
1,3363,3000
1,3383,2950
1,3403,3000
1,3423,3000
1,3443,2950
1,3463,3000
1,3483,3000
1,3503,3000
1,3523,3000
1,3543,3000
1,3563,3000
1,3583,3000
1,3603,2950
1,3623,3000
1,3643,3000
1,3663,3050
1,3683,2950
1,3703,3000
1,3723,3000
1,3743,3050
1,3763,2950
1,3783,3050
1,3803,3050
1,3823,3000
1,3843,3100
1,3863,2950
1,3883,3050
1,3903,3050
1,3923,3000
1,3943,3050
1,3963,3050
1,3983,3000
1,4003,3050
1,4023,2950
1,4043,3000
1,4063,3000
1,4083,3050
1,4103,3000
1,4123,3000
1,4143,3000
1,4163,3000
1,4183,3000
1,4203,2950
1,4223,3000
1,4243,3000
1,4263,3000
1,4283,2950
1,4303,3000
1,4323,2950
1,4343,3000
1,4363,3000
1,4383,2950
1,4403,3000
1,4423,3000
1,4443,3000
1,4463,3000
1,4483,2950
1,4503,3000
1,4523,3050
1,4543,3000
1,4563,3000
1,4583,3000
1,4603,2950
1,4623,3050
1,4643,2950
1,4663,3000
1,4683,3000
1,4703,2950
1,4723,3050
1,4743,2950
1,4763,2950
1,4783,3050
1,4803,2950
1,4823,3000
1,4843,3050
1,4863,2950
1,4883,3050
1,4903,2950
1,4923,3000
1,4943,3050
1,4963,2950
1,4983,3050
1,5003,2950
1,5023,3000
1,5043,3000
1,5063,3000
1,5083,3000
1,5103,3050
1,5123,2950
1,5143,3050
1,5163,3000
1,5183,3050
1,5203,3100
1,5223,3000
1,5243,3050
1,5263,3000
1,5283,3000
1,5303,3050
1,5323,3050
1,5343,3000
1,5363,3000
1,5383,3000
1,5403,3050
1,5423,3050
1,5443,3050
1,5463,3050
1,5483,2950
2,20,0
2,40,0
2,60,0
2,80,0
2,100,0
2,120,0
2,140,0
2,160,0
2,180,0
2,200,0
2,220,0
2,240,0
2,260,0
2,280,0
2,300,0
2,320,0
2,340,0
2,360,0
2,380,0
2,400,0
2,420,0
2,440,0
2,460,0
2,481,0
2,501,0
2,521,0
2,541,300
2,561,1100
2,581,1250
2,601,1350
2,621,1600
2,641,1700
2,661,1850
2,681,2050
2,701,1950
2,721,2150
2,741,2250
2,761,2300
2,781,2400
2,801,2450
2,822,2500
2,842,2550
2,862,2600
2,882,2650
2,902,2650
2,922,2750
2,942,2750
2,962,2750
2,982,2750
2,1002,2800
2,1022,2800
2,1042,2850
2,1062,2850
2,1082,2850
2,1102,2900
2,1122,2850
2,1142,2900
2,1163,2950
2,1183,2850
2,1203,2950
2,1223,2950
2,1243,2950
2,1263,2900
2,1283,3000
2,1303,2950
2,1323,2950
2,1343,2950
2,1363,3000
2,1383,2950
2,1403,2950
2,1423,2950
2,1443,2950
2,1463,3000
2,1483,3000
2,1503,3000
2,1523,3050
2,1543,3050
2,1563,3000
2,1583,3050
2,1603,3000
2,1623,3050
2,1643,3000
2,1663,3050
2,1683,3100
2,1703,2950
2,1723,3100
2,1743,2950
2,1763,3000
2,1783,3000
2,1803,3050
2,1823,3000
2,1843,2950
2,1863,2950
2,1883,3050
2,1903,2950
2,1923,3000
2,1943,3000
2,1963,3000
2,1983,3000
2,2003,2900
2,2023,3000
2,2043,3000
2,2063,2950
2,2083,3050
2,2103,2950
2,2123,3000
2,2143,3000
2,2163,2950
2,2183,3050
2,2203,2950
2,2223,3000
2,2243,3050
2,2263,2900
2,2283,3000
2,2303,3050
2,2323,2950
2,2343,3050
2,2363,2950
2,2383,3050
2,2403,3000
2,2423,2950
2,2443,3050
2,2463,2950
2,2483,3000
2,2503,3000
2,2523,3000
2,2543,2950
2,2563,3050
2,2583,2950
2,2603,3050
2,2623,2950
2,2643,3000
2,2663,3000
2,2683,3000
2,2703,3000
2,2723,2950
2,2743,3000
2,2763,3000
2,2783,3000
2,2803,3000
2,2823,3000
2,2843,2950
2,2863,3050
2,2883,3000
2,2903,3050
2,2923,3100
2,2943,2950
2,2963,3050
2,2983,3050
2,3003,3050
2,3023,3050
2,3043,3000
2,3063,3000
2,3083,3050
2,3103,3000
2,3123,3000
2,3143,3000
2,3163,3000
2,3183,3000
2,3203,3000
2,3223,3000
2,3243,3000
2,3263,3000
2,3283,3050
2,3303,2950
2,3323,2950
2,3343,3050
2,3363,3000
2,3383,3000
2,3403,2950
2,3423,2950
2,3443,3050
2,3463,2950
2,3483,3000
2,3503,3000
2,3523,2950
2,3543,3000
2,3563,2950
2,3583,3000
2,3603,3000
2,3623,3050
2,3643,3000
2,3663,2950
2,3683,3000
2,3703,3050
2,3723,2950
2,3743,3000
2,3763,3050
2,3783,2950
2,3803,3050
2,3823,2950
2,3843,2950
2,3863,3000
2,3883,2950
2,3903,3050
2,3923,2950
2,3943,3050
2,3963,2950
2,3983,2950
2,4003,3050
2,4023,3000
2,4043,2950
2,4063,3050
2,4083,3000
2,4103,2950
2,4123,3050
2,4143,2950
2,4163,3000
2,4183,3050
2,4203,3000
2,4223,3050
2,4243,2950
2,4263,3050
2,4283,3050
2,4303,3000
2,4323,3100
2,4343,3050
2,4363,2950
2,4383,3100
2,4403,2950
2,4423,3050
2,4443,3050
2,4463,3000
2,4483,3000
2,4503,3000
2,4523,3000
2,4543,3050
2,4563,3000
2,4583,3000
2,4603,2950
2,4623,2950
2,4643,3050
2,4663,3000
2,4683,2950
2,4703,3000
2,4723,3000
2,4743,3000
2,4763,3000
2,4783,2950
2,4803,3000
2,4823,2950
2,4843,3000
2,4863,2950
2,4883,3000
2,4903,3000
2,4923,3000
2,4943,3000
2,4963,3000
2,4983,3000
2,5003,3050
2,5023,2950
2,5043,3000
2,5063,3050
2,5083,3000
2,5103,3050
2,5123,2950
2,5143,3000
2,5163,2950
2,5183,3000
2,5203,3000
2,5223,2950
2,5243,3000
2,5263,3000
2,5283,2950
2,5303,3000
2,5323,3000
2,5343,3000
2,5363,3000
2,5383,2950
2,5403,3050
2,5423,3000
2,5443,3000
2,5463,2950
2,5483,3000
3,21,0
3,41,0
3,61,0
3,81,0
3,101,0
3,121,0
3,141,0
3,161,0
3,181,0
3,201,0
3,221,0
3,241,0
3,261,0
3,281,0
3,301,0
3,321,0
3,341,0
3,362,0
3,382,0
3,402,0
3,422,0
3,442,0
3,462,0
3,482,0
3,502,0
3,522,0
3,542,550
3,562,1200
3,582,1250
3,602,1500
3,622,1650
3,642,1750
3,662,1850
3,682,2050
3,703,2100
3,723,2150
3,743,2300
3,763,2350
3,783,2400
3,803,2500
3,823,2500
3,843,2600
3,863,2550
3,883,2700
3,903,2700
3,923,2700
3,943,2750
3,963,2750
3,983,2750
3,1003,2800
3,1023,2800
3,1043,2850
3,1063,2900
3,1083,2800
3,1103,2900
3,1123,2900
3,1143,2850
3,1163,2950
3,1183,2850
3,1203,2950
3,1223,2950
3,1243,2900
3,1263,2950
3,1283,2950
3,1303,2950
3,1323,3000
3,1343,2950
3,1363,3000
3,1383,2900
3,1403,3000
3,1423,3050
3,1443,2950
3,1463,3000
3,1483,2900
3,1503,3000
3,1523,3000
3,1543,2950
3,1563,3000
3,1583,3000
3,1603,2950
3,1623,3050
3,1643,2950
3,1663,2950
3,1683,3050
3,1703,3000
3,1723,2950
3,1743,3000
3,1763,3100
3,1783,2950
3,1803,3000
3,1823,3000
3,1843,2950
3,1863,3000
3,1883,3000
3,1903,2950
3,1923,3000
3,1943,3000
3,1963,3000
3,1983,3050
3,2003,3000
3,2023,3050
3,2043,3050
3,2063,3000
3,2083,3050
3,2103,3050
3,2123,3000
3,2143,3050
3,2163,3050
3,2183,3050
3,2203,2950
3,2223,3000
3,2243,3050
3,2263,2950
3,2283,3000
3,2303,3050
3,2323,2950
3,2343,3000
3,2363,3000
3,2383,3000
3,2403,3000
3,2423,2950
3,2443,3000
3,2463,3000
3,2483,3000
3,2503,3000
3,2523,2950
3,2543,3000
3,2563,3050
3,2583,2950
3,2603,2950
3,2623,3050
3,2643,3050
3,2663,2900
3,2683,3000
3,2703,3050
3,2723,2950
3,2743,2950
3,2763,3050
3,2783,2950
3,2803,3050
3,2823,3000
3,2843,2950
3,2863,3050
3,2883,2950
3,2903,2950
3,2923,3000
3,2943,2950
3,2963,3050
3,2983,3000
3,3003,2950
3,3023,3050
3,3043,2950
3,3063,3000
3,3083,3000
3,3103,3000
3,3123,3000
3,3143,3000
3,3163,3000
3,3183,3000
3,3203,2950
3,3223,3000
3,3243,3000
3,3263,3000
3,3283,3000
3,3303,3050
3,3323,3000
3,3343,3050
3,3363,3000
3,3383,3050
3,3403,3050
3,3423,3050
3,3443,3050
3,3463,3000
3,3483,3050
3,3503,3050
3,3523,2950
3,3543,3150
3,3563,2950
3,3583,2950
3,3603,3050
3,3623,2950
3,3643,3000
3,3663,3000
3,3683,3000
3,3703,3000
3,3723,2950
3,3743,3000
3,3763,3000
3,3783,3000
3,3803,3050
3,3823,2900
3,3843,3000
3,3863,3000
3,3883,2950
3,3903,3050
3,3923,2950
3,3943,3000
3,3963,3000
3,3983,2950
3,4003,3050
3,4023,2950
3,4043,2950
3,4063,3050
3,4083,2950
3,4103,3050
3,4123,3050
3,4143,2900
3,4163,3050
3,4183,3000
3,4203,3000
3,4223,3000
3,4243,3050
3,4263,2950
3,4283,3000
3,4303,3000
3,4323,3000
3,4343,2950
3,4363,2950
3,4383,3050
3,4403,3000
3,4423,3000
3,4443,2950
3,4463,2950
3,4483,3050
3,4503,2950
3,4523,3000
3,4543,3000
3,4563,3000
3,4583,2950
3,4603,3000
3,4623,3000
3,4643,3000
3,4663,3050
3,4683,3000
3,4703,3000
3,4723,3050
3,4743,3100
3,4763,2950
3,4783,3050
3,4803,3050
3,4823,3050
3,4843,3000
3,4863,3050
3,4883,3000
3,4903,3050
3,4923,3000
3,4943,3050
3,4963,3000
3,4983,3000
3,5003,3000
3,5023,3000
3,5043,2950
3,5063,3050
3,5083,2950
3,5103,3050
3,5123,2950
3,5143,3000
3,5163,3050
3,5183,2950
3,5203,2950
3,5223,3000
3,5243,3000
3,5263,3000
3,5283,2900
3,5303,3050
3,5323,2950
3,5343,2950
3,5363,3050
3,5383,2950
3,5403,3000
3,5423,3000
3,5443,2950
3,5463,3050
3,5483,2950
4,20,0
4,40,0
4,60,0
4,80,0
4,100,0
4,120,0
4,140,0
4,160,0
4,180,0
4,201,0
4,221,0
4,241,0
4,261,0
4,281,0
4,301,0
4,321,0
4,341,0
4,361,0
4,381,0
4,401,0
4,421,0
4,441,0
4,461,0
4,481,0
4,501,0
4,521,50
4,542,800
4,562,1250
4,582,1350
4,602,1450
4,622,1650
4,642,1850
4,662,1850
4,682,2000
4,702,2150
4,722,2150
4,742,2300
4,762,2350
4,782,2450
4,802,2450
4,822,2500
4,842,2600
4,862,2600
4,883,2700
4,903,2650
4,923,2800
4,943,2700
4,963,2800
4,983,2750
4,1003,2850
4,1023,2850
4,1043,2800
4,1063,2950
4,1083,2900
4,1103,2850
4,1123,2950
4,1143,2950
4,1163,3000
4,1183,2900
4,1203,2950
4,1223,3000
4,1243,2950
4,1263,3000
4,1283,2950
4,1303,3000
4,1323,2950
4,1343,2950
4,1363,3000
4,1383,3000
4,1403,3000
4,1423,2950
4,1443,2950
4,1463,3000
4,1483,2950
4,1503,3000
4,1523,3050
4,1543,2850
4,1563,3050
4,1583,2950
4,1603,3000
4,1623,2950
4,1643,3000
4,1663,3000
4,1683,2950
4,1703,3000
4,1723,3000
4,1743,2950
4,1763,3050
4,1783,3000
4,1803,3000
4,1823,3000
4,1843,3000
4,1863,3000
4,1883,3050
4,1903,2900
4,1923,3050
4,1943,3000
4,1963,2950
4,1983,3050
4,2003,2850
4,2023,3050
4,2043,3000
4,2063,2950
4,2083,3050
4,2103,2950
4,2123,2950
4,2143,3050
4,2163,2900
4,2183,3050
4,2203,3050
4,2223,2950
4,2243,3050
4,2263,2950
4,2283,3050
4,2303,3000
4,2323,2950
4,2343,3050
4,2363,2950
4,2383,2950
4,2403,3100
4,2423,2950
4,2443,3050
4,2463,3000
4,2483,3050
4,2503,3100
4,2523,3000
4,2543,3000
4,2563,3100
4,2583,3000
4,2603,3050
4,2623,3000
4,2643,3050
4,2663,3050
4,2683,2950
4,2703,3050
4,2723,3000
4,2743,3000
4,2763,3000
4,2783,2950
4,2803,3000
4,2823,2950
4,2843,3000
4,2863,3050
4,2883,2900
4,2903,3000
4,2923,3000
4,2943,3000
4,2963,3000
4,2983,2950
4,3003,3000
4,3023,3000
4,3043,2950
4,3063,3000
4,3083,3000
4,3103,2950
4,3123,3000
4,3143,3050
4,3163,2950
4,3183,3050
4,3203,2950
4,3223,3050
4,3243,2950
4,3263,3000
4,3283,3050
4,3303,2950
4,3323,3050
4,3343,2950
4,3363,3000
4,3383,3000
4,3403,2950
4,3423,3050
4,3443,2950
4,3463,3000
4,3483,3000
4,3503,3000
4,3523,3000
4,3543,3000
4,3563,2950
4,3583,3050
4,3603,3000
4,3623,2950
4,3643,3050
4,3663,2900
4,3683,3000
4,3703,3050
4,3723,2950
4,3743,3000
4,3763,3000
4,3783,3000
4,3803,3100
4,3823,2950
4,3843,3050
4,3863,3050
4,3883,3000
4,3903,3100
4,3923,3000
4,3943,3050
4,3963,3050
4,3983,3000
4,4003,3050
4,4023,3000
4,4043,3000
4,4063,3050
4,4083,2950
4,4103,3000
4,4123,3000
4,4143,3000
4,4163,3000
4,4183,3000
4,4203,2950
4,4223,3050
4,4243,2950
4,4263,3050
4,4283,2950
4,4303,3000
4,4323,3000
4,4343,2950
4,4363,3000
4,4383,3000
4,4403,2950
4,4423,3000
4,4443,3000
4,4463,3000
4,4483,2950
4,4503,3000
4,4523,3050
4,4543,2900
4,4563,3000
4,4583,3050
4,4603,3000
4,4623,3000
4,4643,2950
4,4663,3000
4,4683,3050
4,4703,2950
4,4723,3000
4,4743,3000
4,4763,2950
4,4783,3050
4,4803,2950
4,4823,3000
4,4843,3000
4,4863,2950
4,4883,3100
4,4903,2950
4,4923,2950
4,4943,3050
4,4963,2950
4,4983,3000
4,5003,3000
4,5023,3000
4,5043,3000
4,5063,3000
4,5083,2950
4,5103,3050
4,5123,3000
4,5143,3000
4,5163,3050
4,5183,3050
4,5203,3050
4,5223,3000
4,5243,3050
4,5263,3050
4,5283,3000
4,5303,3050
4,5323,3050
4,5343,2950
4,5363,3100
4,5383,2900
4,5403,3050
4,5423,3050
4,5443,2950
4,5463,3000
4,5483,3000
